{
  "AnnualCrop": {
    "precision": 0.897489539748954,
    "recall": 0.9533333333333334,
    "f1-score": 0.9245689655172413,
    "support": 450.0
  },
  "Forest": {
    "precision": 0.9809976247030879,
    "recall": 0.9494252873563218,
    "f1-score": 0.9649532710280374,
    "support": 435.0
  },
  "HerbaceousVegetation": {
    "precision": 0.8467908902691511,
    "recall": 0.9008810572687225,
    "f1-score": 0.8729989327641409,
    "support": 454.0
  },
  "Highway": {
    "precision": 0.8825136612021858,
    "recall": 0.9528023598820059,
    "f1-score": 0.9163120567375886,
    "support": 339.0
  },
  "Industrial": {
    "precision": 0.9607329842931938,
    "recall": 0.9839142091152815,
    "f1-score": 0.9721854304635762,
    "support": 373.0
  },
  "Pasture": {
    "precision": 0.9223300970873787,
    "recall": 0.9253246753246753,
    "f1-score": 0.9238249594813615,
    "support": 308.0
  },
  "PermanentCrop": {
    "precision": 0.9135446685878963,
    "recall": 0.8320209973753281,
    "f1-score": 0.8708791208791209,
    "support": 381.0
  },
  "Residential": {
    "precision": 0.9906759906759907,
    "recall": 0.9486607142857143,
    "f1-score": 0.9692132269099202,
    "support": 448.0
  },
  "River": {
    "precision": 0.9400544959128065,
    "recall": 0.8823529411764706,
    "f1-score": 0.9102902374670184,
    "support": 391.0
  },
  "SeaLake": {
    "precision": 0.9914529914529915,
    "recall": 0.9851380042462845,
    "f1-score": 0.9882854100106496,
    "support": 471.0
  },
  "accuracy": 0.9325925925925926,
  "macro avg": {
    "precision": 0.9326582943933636,
    "recall": 0.9313853579364139,
    "f1-score": 0.9313511611258655,
    "support": 4050.0
  },
  "weighted avg": {
    "precision": 0.9340912487501186,
    "recall": 0.9325925925925926,
    "f1-score": 0.9326823814437778,
    "support": 4050.0
  }
}