{
  "AnnualCrop": {
    "precision": 0.8149779735682819,
    "recall": 0.8409090909090909,
    "f1-score": 0.8277404921700223,
    "support": 440.0
  },
  "Forest": {
    "precision": 0.9923857868020305,
    "recall": 0.8426724137931034,
    "f1-score": 0.9114219114219114,
    "support": 464.0
  },
  "HerbaceousVegetation": {
    "precision": 0.6651053864168618,
    "recall": 0.6004228329809725,
    "f1-score": 0.6311111111111111,
    "support": 473.0
  },
  "Highway": {
    "precision": 0.7368421052631579,
    "recall": 0.5440414507772021,
    "f1-score": 0.6259314456035767,
    "support": 386.0
  },
  "Industrial": {
    "precision": 0.6419753086419753,
    "recall": 0.986449864498645,
    "f1-score": 0.7777777777777778,
    "support": 369.0
  },
  "Pasture": {
    "precision": 0.8559322033898306,
    "recall": 0.6066066066066066,
    "f1-score": 0.7100175746924429,
    "support": 333.0
  },
  "PermanentCrop": {
    "precision": 0.6731517509727627,
    "recall": 0.46630727762803237,
    "f1-score": 0.5509554140127388,
    "support": 371.0
  },
  "Residential": {
    "precision": 0.8695652173913043,
    "recall": 0.9216589861751152,
    "f1-score": 0.8948545861297539,
    "support": 434.0
  },
  "River": {
    "precision": 0.5904139433551199,
    "recall": 0.7424657534246575,
    "f1-score": 0.6577669902912622,
    "support": 365.0
  },
  "SeaLake": {
    "precision": 0.8023483365949119,
    "recall": 0.9879518072289156,
    "f1-score": 0.8855291576673866,
    "support": 415.0
  },
  "accuracy": 0.7592592592592593,
  "macro avg": {
    "precision": 0.7642698012396238,
    "recall": 0.7539486084022341,
    "f1-score": 0.7473106460877983,
    "support": 4050.0
  },
  "weighted avg": {
    "precision": 0.7692824146767584,
    "recall": 0.7592592592592593,
    "f1-score": 0.753337637099509,
    "support": 4050.0
  }
}