{
  "AnnualCrop": {
    "precision": 0.5407779171894604,
    "recall": 0.9389978213507625,
    "f1-score": 0.6863057324840764,
    "support": 459.0
  },
  "Forest": {
    "precision": 0.8096118299445472,
    "recall": 0.9419354838709677,
    "f1-score": 0.8707753479125249,
    "support": 465.0
  },
  "HerbaceousVegetation": {
    "precision": 0.4140625,
    "recall": 0.36054421768707484,
    "f1-score": 0.38545454545454544,
    "support": 441.0
  },
  "Highway": {
    "precision": 0.4262295081967213,
    "recall": 0.13612565445026178,
    "f1-score": 0.20634920634920634,
    "support": 382.0
  },
  "Industrial": {
    "precision": 0.588126159554731,
    "recall": 0.9109195402298851,
    "f1-score": 0.7147688838782412,
    "support": 348.0
  },
  "Pasture": {
    "precision": 0.7017543859649122,
    "recall": 0.12903225806451613,
    "f1-score": 0.21798365122615804,
    "support": 310.0
  },
  "PermanentCrop": {
    "precision": 0.4057971014492754,
    "recall": 0.6136986301369863,
    "f1-score": 0.48854961832061067,
    "support": 365.0
  },
  "Residential": {
    "precision": 0.9001956947162426,
    "recall": 0.9766454352441614,
    "f1-score": 0.9368635437881874,
    "support": 471.0
  },
  "River": {
    "precision": 0.29411764705882354,
    "recall": 0.02610966057441253,
    "f1-score": 0.047961630695443645,
    "support": 383.0
  },
  "SeaLake": {
    "precision": 0.8226120857699805,
    "recall": 0.9906103286384976,
    "f1-score": 0.898828541001065,
    "support": 426.0
  },
  "accuracy": 0.6303703703703704,
  "macro avg": {
    "precision": 0.5903284829844695,
    "recall": 0.6024619030247527,
    "f1-score": 0.5453840701110059,
    "support": 4050.0
  },
  "weighted avg": {
    "precision": 0.5993845640299681,
    "recall": 0.6303703703703704,
    "f1-score": 0.5693589692997955,
    "support": 4050.0
  }
}