{
  "AnnualCrop": {
    "precision": 0.5217932752179327,
    "recall": 0.9415730337078652,
    "f1-score": 0.6714743589743589,
    "support": 445.0
  },
  "Forest": {
    "precision": 0.9347826086956522,
    "recall": 0.9327548806941431,
    "f1-score": 0.9337676438653637,
    "support": 461.0
  },
  "HerbaceousVegetation": {
    "precision": 0.4338942307692308,
    "recall": 0.7680851063829788,
    "f1-score": 0.554531490015361,
    "support": 470.0
  },
  "Highway": {
    "precision": 0.46412884333821375,
    "recall": 0.8276762402088773,
    "f1-score": 0.5947467166979362,
    "support": 383.0
  },
  "Industrial": {
    "precision": 0.0,
    "recall": 0.0,
    "f1-score": 0.0,
    "support": 393.0
  },
  "Pasture": {
    "precision": 0.0,
    "recall": 0.0,
    "f1-score": 0.0,
    "support": 301.0
  },
  "PermanentCrop": {
    "precision": 0.0,
    "recall": 0.0,
    "f1-score": 0.0,
    "support": 350.0
  },
  "Residential": {
    "precision": 0.5053763440860215,
    "recall": 0.9814385150812065,
    "f1-score": 0.667192429022082,
    "support": 431.0
  },
  "River": {
    "precision": 0.5,
    "recall": 0.002717391304347826,
    "f1-score": 0.005405405405405406,
    "support": 368.0
  },
  "SeaLake": {
    "precision": 0.9884526558891455,
    "recall": 0.9553571428571429,
    "f1-score": 0.9716231555051078,
    "support": 448.0
  },
  "accuracy": 0.5874074074074074,
  "macro avg": {
    "precision": 0.4348427957996196,
    "recall": 0.5409602310236562,
    "f1-score": 0.4398741199485615,
    "support": 4050.0
  },
  "weighted avg": {
    "precision": 0.4665354122667068,
    "recall": 0.5874074074074074,
    "f1-score": 0.4796363126251966,
    "support": 4050.0
  }
}