{
  "AnnualCrop": {
    "precision": 0.7771535580524345,
    "recall": 0.9002169197396963,
    "f1-score": 0.8341708542713567,
    "support": 461.0
  },
  "Forest": {
    "precision": 0.9827586206896551,
    "recall": 0.8361858190709046,
    "f1-score": 0.9035667107001321,
    "support": 409.0
  },
  "HerbaceousVegetation": {
    "precision": 0.6470588235294118,
    "recall": 0.7236842105263158,
    "f1-score": 0.6832298136645962,
    "support": 456.0
  },
  "Highway": {
    "precision": 0.6388888888888888,
    "recall": 0.4192708333333333,
    "f1-score": 0.5062893081761006,
    "support": 384.0
  },
  "Industrial": {
    "precision": 0.8765133171912833,
    "recall": 0.923469387755102,
    "f1-score": 0.8993788819875776,
    "support": 392.0
  },
  "Pasture": {
    "precision": 0.7811447811447811,
    "recall": 0.7204968944099379,
    "f1-score": 0.7495961227786753,
    "support": 322.0
  },
  "PermanentCrop": {
    "precision": 0.6452513966480447,
    "recall": 0.6111111111111112,
    "f1-score": 0.6277173913043478,
    "support": 378.0
  },
  "Residential": {
    "precision": 0.9246031746031746,
    "recall": 0.9893842887473461,
    "f1-score": 0.9558974358974359,
    "support": 471.0
  },
  "River": {
    "precision": 0.579088471849866,
    "recall": 0.6242774566473989,
    "f1-score": 0.6008344923504868,
    "support": 346.0
  },
  "SeaLake": {
    "precision": 0.9067245119305857,
    "recall": 0.9698375870069605,
    "f1-score": 0.9372197309417041,
    "support": 431.0
  },
  "accuracy": 0.7834567901234568,
  "macro avg": {
    "precision": 0.7759185544528127,
    "recall": 0.7717934508348108,
    "f1-score": 0.7697900742072413,
    "support": 4050.0
  },
  "weighted avg": {
    "precision": 0.7817990276364891,
    "recall": 0.7834567901234568,
    "f1-score": 0.7786027693209557,
    "support": 4050.0
  }
}