{
  "AnnualCrop": {
    "precision": 0.7108433734939759,
    "recall": 0.9198218262806236,
    "f1-score": 0.8019417475728156,
    "support": 449.0
  },
  "Forest": {
    "precision": 0.5674931129476584,
    "recall": 0.4671201814058957,
    "f1-score": 0.5124378109452736,
    "support": 441.0
  },
  "HerbaceousVegetation": {
    "precision": 0.6363636363636364,
    "recall": 0.7843551797040169,
    "f1-score": 0.7026515151515151,
    "support": 473.0
  },
  "Highway": {
    "precision": 0.6678200692041523,
    "recall": 0.49870801033591733,
    "f1-score": 0.5710059171597633,
    "support": 387.0
  },
  "Industrial": {
    "precision": 0.6708074534161491,
    "recall": 0.2926829268292683,
    "f1-score": 0.4075471698113208,
    "support": 369.0
  },
  "Pasture": {
    "precision": 0.6742857142857143,
    "recall": 0.39464882943143814,
    "f1-score": 0.4978902953586498,
    "support": 299.0
  },
  "PermanentCrop": {
    "precision": 0.5694444444444444,
    "recall": 0.48955223880597015,
    "f1-score": 0.5264847512038523,
    "support": 335.0
  },
  "Residential": {
    "precision": 0.6392496392496393,
    "recall": 0.9932735426008968,
    "f1-score": 0.7778753292361721,
    "support": 446.0
  },
  "River": {
    "precision": 0.5974025974025974,
    "recall": 0.3556701030927835,
    "f1-score": 0.4458804523424879,
    "support": 388.0
  },
  "SeaLake": {
    "precision": 0.6443148688046647,
    "recall": 0.9546436285097192,
    "f1-score": 0.7693646649260226,
    "support": 463.0
  },
  "accuracy": 0.6409876543209877,
  "macro avg": {
    "precision": 0.6378024909612632,
    "recall": 0.6150476466996528,
    "f1-score": 0.6013079653707873,
    "support": 4050.0
  },
  "weighted avg": {
    "precision": 0.6380242230162227,
    "recall": 0.6409876543209877,
    "f1-score": 0.6151028947480063,
    "support": 4050.0
  }
}